{"cameraMode":{"drawMode":0,"name":"Shaded","section":"Shading Mode"},"sceneLighting":true,"audioPlay":false,"sceneViewState":{"showFog":true,"showMaterialUpdate":false,"showSkybox":true,"showFlares":true,"showImageEffects":true,"showParticleSystems":true},"in2DMode":false,"pivot":{"x":-4.587788105010986,"y":-18.614307403564454,"z":2.8846969604492189},"rotation":{"x":-0.003000095020979643,"y":0.0014997812686488033,"z":0.000004504001481109299,"w":0.9999940395355225},"size":87.63379669189453,"orthographic":false}