{"cameraMode":{"drawMode":0,"name":"Shaded","section":"Shading Mode"},"sceneLighting":true,"audioPlay":false,"sceneViewState":{"showFog":true,"showMaterialUpdate":false,"showSkybox":true,"showFlares":true,"showImageEffects":true,"showParticleSystems":true},"in2DMode":false,"pivot":{"x":372.7647399902344,"y":231.27044677734376,"z":65.62948608398438},"rotation":{"x":0.08532106131315232,"y":-0.0418345145881176,"z":0.003584709484130144,"w":0.9954754710197449},"size":521.4357299804688,"orthographic":false}