{"cameraMode":{"drawMode":0,"name":"Shaded","section":"Shading Mode"},"sceneLighting":true,"audioPlay":false,"sceneViewState":{"showFog":true,"showMaterialUpdate":false,"showSkybox":true,"showFlares":true,"showImageEffects":true,"showParticleSystems":true},"in2DMode":false,"pivot":{"x":84.78621673583985,"y":445.0162048339844,"z":2.880200147628784},"rotation":{"x":0.08310282230377197,"y":-0.29926595091819765,"z":0.02644101344048977,"w":0.9503341913223267},"size":68.2386703491211,"orthographic":true}