{"cameraMode":{"drawMode":0,"name":"Shaded","section":"Shading Mode"},"sceneLighting":true,"audioPlay":false,"sceneViewState":{"showFog":true,"showMaterialUpdate":false,"showSkybox":true,"showFlares":true,"showImageEffects":true,"showParticleSystems":true},"in2DMode":false,"pivot":{"x":-5.593554496765137,"y":-0.8742823600769043,"z":12.984480857849121},"rotation":{"x":-0.12388363480567932,"y":0.23346124589443208,"z":-0.030021121725440027,"w":-0.9640340805053711},"size":12.636651039123536,"orthographic":false}