{"cameraMode":{"drawMode":0,"name":"Shaded","section":"Shading Mode"},"sceneLighting":true,"audioPlay":false,"sceneViewState":{"showFog":true,"showMaterialUpdate":false,"showSkybox":true,"showFlares":true,"showImageEffects":true,"showParticleSystems":true},"in2DMode":false,"pivot":{"x":0.48583984375,"y":0.74267578125,"z":6.34765625},"rotation":{"x":0.12202254682779312,"y":0.23726648092269898,"z":-0.030052922666072847,"w":0.9632951021194458},"size":7.791794300079346,"orthographic":true}