{"cameraMode":{"drawMode":0,"name":"Shaded","section":"Shading Mode"},"sceneLighting":true,"audioPlay":false,"sceneViewState":{"showFog":true,"showMaterialUpdate":false,"showSkybox":true,"showFlares":true,"showImageEffects":true,"showParticleSystems":true},"in2DMode":false,"pivot":{"x":-0.30000001192092898,"y":4.809999942779541,"z":-4.0},"rotation":{"x":-0.2776143550872803,"y":0.20272183418273927,"z":-0.060053568333387378,"w":-0.9371387958526611},"size":1.7106071710586548,"orthographic":true}